{
    "Correct Parsed and Polarity": 66,
    "Parsed Polarity Accuracy": 0.057843996494303246,
    "Parsing Accuracy": 0.1481156879929886,
    "Total Sentences": 1141,
    "Correct Parsed": 169
}