{"\u0928\u0940\u0932\u0947": 1, "\u0924\u0947\u091c": 2, "Li-On": 1, "\u092e\u091c\u092c\u0942\u0924": 1, "\u0936\u093e\u0928\u0926\u093e\u0930": 1, "Parsed Polarity Accuracy": 0.06382978723404255, "\u092e\u094b\u091f\u0947": 1, "Parsing Accuracy": 0.2127659574468085}