{
    "Correct Parsed and Polarity": 53,
    "Parsed Polarity Accuracy": 0.05955056179775281,
    "Parsing Accuracy": 0.12808988764044943,
    "Total Sentences": 890,
    "Correct Parsed": 114
}